[
    {
        "asset-name": "bt-fw-ifx-cyw43012",
        "locked-commit": "release-v1.0.0"
    },
    {
        "asset-name": "cat1cm0p",
        "locked-commit": "release-v1.9.0"
    },
    {
        "asset-name": "cmsis",
        "locked-commit": "release-v5.8.2"
    },
    {
        "asset-name": "core-lib",
        "locked-commit": "release-v1.6.0"
    },
    {
        "asset-name": "core-make",
        "locked-commit": "release-v3.7.0"
    },
    {
        "asset-name": "device-db",
        "locked-commit": "release-v4.33.0"
    },
    {
        "asset-name": "mtb-hal-cat1",
        "locked-commit": "release-v2.7.4"
    },
    {
        "asset-name": "mtb-pdl-cat1",
        "locked-commit": "release-v3.18.0"
    },
    {
        "asset-name": "recipe-make-cat1a",
        "locked-commit": "release-v2.6.0"
    }
]
